{
  "n_total": 1800,
  "construct_validity": {
    "provocative": {
      "n_pos": 300,
      "n_neg": 300,
      "pos_mean": 3.1666666666666665,
      "neg_mean": 1.43,
      "cohens_d": 1.2103287373926312,
      "p_value": 1.4434813456995897e-42,
      "auc": 0.7902777777777779
    },
    "all_selfref": {
      "n_pos": 600,
      "n_neg": 600,
      "pos_mean": 2.466666666666667,
      "neg_mean": 1.2316666666666667,
      "cohens_d": 1.0030479649436643,
      "p_value": 1.8010171036461947e-60,
      "auc": 0.7626569444444445
    }
  },
  "convergent_validity": {
    "provocative": {
      "n": 600,
      "pearson_r": 0.3477428954847981,
      "pearson_p": 1.7012680505949494e-18,
      "spearman_rho": 0.41277485673560754,
      "spearman_p": 4.3515213372752495e-26
    },
    "all_selfref": {
      "n": 1200,
      "pearson_r": 0.20639422182826672,
      "pearson_p": 5.193813423685659e-13,
      "spearman_rho": 0.3038638982349694,
      "spearman_p": 4.724743904843889e-27
    },
    "all": {
      "n": 1800,
      "pearson_r": 0.10510432066836752,
      "pearson_p": 7.877651873025378e-06,
      "spearman_rho": 0.22791616917899984,
      "spearman_p": 1.2174114888254735e-22
    }
  }
}