{
  "everyday": 0.5186709389602765,
  "philosophical": 0.49829255674034356
}