{
  "naive_baseline": {
    "0": 0.31179622784256933,
    "4": 0.25372616515494884,
    "8": 0.19750353859228198,
    "12": 0.20341229405486957,
    "16": 0.19248905492946505,
    "20": 0.18787328871665523,
    "24": 0.2094772718474269,
    "28": 0.20800394921796397,
    "32": 0.3325386124290526,
    "36": 0.3189651457220316,
    "40": 0.41701436657458546,
    "44": 0.4005717105790973,
    "48": 0.3877527328836732,
    "52": 0.41545458290725945,
    "56": 0.5153753081336617,
    "60": 0.5189178697625175,
    "64": 0.4681146338302642,
    "68": 0.44831632246263325,
    "72": 0.4086718241125345,
    "76": 0.38676361372694373,
    "79": 0.3402126024477184
  }
}