{
  "naive_baseline": {
    "0": 0.25552701266482475,
    "1": 0.2128061309363693,
    "2": 0.18337723486125468,
    "3": 0.17094534412026405,
    "4": 0.15277017891407013,
    "5": 0.10719734229613095,
    "6": 0.0862035859352909,
    "7": 0.07455286318901927,
    "8": 0.06774874381488188,
    "9": 0.05426085717510432,
    "10": 0.04970864104107022,
    "11": 0.058256643906934184,
    "12": 0.05970099505968392,
    "13": 0.07166584297083319,
    "14": 0.0838622322853189,
    "15": 0.09369062750949525,
    "16": 0.10913274801743683,
    "17": 0.11755519636906683,
    "18": 0.12179679900407792,
    "19": 0.11652640553715173,
    "20": 0.12137643667403608,
    "21": 0.12721306641818955,
    "22": 0.10705229715909809,
    "23": 0.0966611753241159,
    "24": 0.1032016066624783,
    "25": 0.09051773100160063,
    "26": 0.07690887570381165,
    "27": 0.04971799834165722,
    "28": 0.042726032827049495,
    "29": 0.03863824723099242,
    "30": 0.04114168385160156,
    "31": 0.03485873049881775,
    "32": 0.033406891393242405,
    "33": 0.03771574277197942,
    "34": 0.030971618224866687,
    "35": 0.03663906951464014,
    "36": 0.03702109710735385,
    "37": 0.03380841284582857,
    "38": 0.029686159478733317,
    "39": 0.0255809998724726,
    "40": 0.01592356632987503,
    "41": 0.01761203689093236,
    "42": 0.026678479900001547,
    "43": 0.0250977935816627,
    "44": 0.011794081012485549,
    "45": 0.00896357310411986,
    "46": 0.01363046455924632,
    "47": 0.010690235153306275,
    "48": 0.03589104076708736,
    "49": 0.051823380454443395,
    "50": 0.0562648008551696,
    "51": 0.046203875873470676,
    "52": 0.05403285427208175,
    "53": 0.06367729529156349,
    "54": 0.07189220716012641,
    "55": 0.08967128193820827,
    "56": 0.09196009659208357,
    "57": 0.09835194249171764,
    "58": 0.1196472493186593,
    "59": 0.1468209157511592,
    "60": 0.1772035362944007,
    "61": 0.1891251541674137,
    "62": 0.15233417101902888,
    "63": 0.4889004771411419
  }
}