{
  "reliabilities": {
    "0": -0.002283220844110474,
    "1": 0.017744225029091468,
    "2": 0.011396249305689707,
    "3": 0.02727881153288763,
    "4": 0.03851050677418243,
    "5": 0.04238968667312292,
    "6": 0.05213400923938025,
    "7": 0.06784592894720845,
    "8": 0.0918865185091272,
    "9": 0.12644404417835176,
    "10": 0.11012622751877643,
    "11": 0.09399157199077308,
    "12": 0.09078240450122393,
    "13": 0.08936642933636904,
    "14": 0.09132926454767584,
    "15": 0.09042631158838049,
    "16": 0.08973712669685482,
    "17": 0.09657042843289673,
    "18": 0.09313913204707205,
    "19": 0.09741917196195572,
    "20": 0.09336532842484303,
    "21": 0.08495677668077406,
    "22": 0.08417553979437799,
    "23": 0.07679651584476233,
    "24": 0.0903981263487367,
    "25": 0.11153467662865296,
    "26": 0.11373151052277536,
    "27": 0.11226751391775906,
    "28": 0.12638148045167327,
    "29": 0.12527691544033587,
    "30": 0.11835181416739943,
    "31": 0.10998389651533216,
    "32": 0.1106034144340083,
    "33": 0.10594583896454424,
    "34": 0.10506093474570662,
    "35": 0.10208352591493167,
    "36": 0.1128286105953157,
    "37": 0.12439345228485763,
    "38": 0.12769362594932318,
    "39": 0.1272843036102131,
    "40": 0.13692088556941598,
    "41": 0.14772691615857184,
    "42": 0.15264734242111444,
    "43": 0.15205037351232023,
    "44": 0.1558466139039956,
    "45": 0.17224843585863708,
    "46": 0.18376352140679955,
    "47": 0.18472850697115065,
    "48": 0.19990595493465663,
    "49": 0.22069448940455913,
    "50": 0.22208416126668454,
    "51": 0.2083559263125062,
    "52": 0.21435909181833268,
    "53": 0.21014407534152268,
    "54": 0.20407516073435544,
    "55": 0.19426196724176406,
    "56": 0.18150087624788283,
    "57": 0.18647568821907043,
    "58": 0.17663474153727293,
    "59": 0.1816000752337277,
    "60": 0.1795912674628198,
    "61": 0.16823839427903295,
    "62": 0.1815422806330025,
    "63": 0.203358144601807
  },
  "best_layer": 50
}