{
  "category_1_narrative_vs_process": {
    "0": 0.045102212508500085,
    "1": 0.04019078635901678,
    "2": 0.02256867680931464,
    "3": 0.0345487445674371,
    "4": 0.02973972073974437,
    "5": 0.02725795288104564,
    "6": 0.027104963896708797,
    "7": 0.030720731997862457,
    "8": 0.04541591211105697,
    "9": 0.0710451283038492,
    "10": 0.05590978112013545,
    "11": 0.04776030878885649,
    "12": 0.04398068184935255,
    "13": 0.03999838254298083,
    "14": 0.03807233924395405,
    "15": 0.03544400900311302,
    "16": 0.03899543659063056,
    "17": 0.03376987025665585,
    "18": 0.030932625831646875,
    "19": 0.03446229019202292,
    "20": 0.02802564608573448,
    "21": 0.02518427779315971,
    "22": 0.025728656532883178,
    "23": 0.011443430310464464,
    "24": 0.01665424328588415,
    "25": 0.027703631044132634,
    "26": 0.020930274978163653,
    "27": 0.008582197283976712,
    "28": 0.003119807273033075,
    "29": -0.008924511975492351,
    "30": -0.009250339127902407,
    "31": -0.006904290744059836,
    "32": 0.001639487921493128,
    "33": 0.0007772446144372225,
    "34": -0.0005579690146259963,
    "35": -0.0044660977888270285,
    "36": -0.0044216991928988135,
    "37": -0.004741328985255677,
    "38": -0.009713681279681623,
    "39": -0.010619364996382502,
    "40": 0.004387877811386716,
    "41": 0.004210798694402911,
    "42": 0.007231840910098981,
    "43": 0.006563321764115244,
    "44": -0.003153795897960663,
    "45": -0.002002712310932111,
    "46": -0.003405202792491764,
    "47": -0.007731971201283158,
    "48": -0.016408055776482796,
    "49": -0.022060446605610195,
    "50": -0.02893469624686986,
    "51": -0.027729419259121642,
    "52": -0.03513031260343268,
    "53": -0.026569916111184283,
    "54": -0.032428834846432435,
    "55": -0.023883813840802758,
    "56": -0.021876985757880902,
    "57": -0.01587714337860234,
    "58": -0.016865164732153062,
    "59": -0.02419454524788307,
    "60": -0.029151575677096843,
    "61": -0.022460587813548046,
    "62": -0.01877218221197836,
    "63": -0.06210406210884685
  },
  "category_2_bounded_vs_unbounded": {
    "0": -0.07145784471882508,
    "1": -0.08843529223930091,
    "2": -0.07857957177096977,
    "3": -0.07125517262786162,
    "4": -0.06338711145683192,
    "5": -0.06103784791892394,
    "6": -0.04699061780876946,
    "7": -0.051312883492792026,
    "8": -0.04751650460937526,
    "9": -0.05115244663087651,
    "10": -0.036557609895535276,
    "11": -0.020065708184847608,
    "12": -0.014379443498328329,
    "13": -0.014698135069957062,
    "14": -0.0145726627134718,
    "15": -0.02032478684806847,
    "16": -0.025876551191468023,
    "17": -0.019307266293617432,
    "18": -0.02650456771836616,
    "19": -0.029588308825623244,
    "20": -0.03979733781889081,
    "21": -0.04045020648278296,
    "22": -0.04359212139097508,
    "23": -0.04625784068193752,
    "24": -0.04516773249255493,
    "25": -0.036709730558941375,
    "26": -0.0389535950415302,
    "27": -0.038505565472587475,
    "28": -0.03410781357320957,
    "29": -0.03625211102247704,
    "30": -0.04666862538317219,
    "31": -0.06245333046972519,
    "32": -0.06359902775242517,
    "33": -0.05641537100691494,
    "34": -0.05137145725864684,
    "35": -0.05295322702091653,
    "36": -0.05170897778618382,
    "37": -0.05255526607099455,
    "38": -0.060558134172460996,
    "39": -0.06978663032874464,
    "40": -0.06972458243835718,
    "41": -0.06564351980545326,
    "42": -0.06405897653312423,
    "43": -0.06624757795216282,
    "44": -0.06630475582875078,
    "45": -0.06427428588853218,
    "46": -0.06073945885989815,
    "47": -0.07291223107022234,
    "48": -0.06901835772092454,
    "49": -0.050184815817628986,
    "50": -0.048734750823350624,
    "51": -0.03923303950286936,
    "52": -0.029132475370140867,
    "53": -0.018342277749907224,
    "54": -0.014197845237868023,
    "55": -0.010820027485606261,
    "56": 0.0021096449403557927,
    "57": 0.000854825708665885,
    "58": 0.00597035089856945,
    "59": 0.020898163224337622,
    "60": 0.01722717451841163,
    "61": -0.006515998788672732,
    "62": -0.03980745368520729,
    "63": -0.09472106050001457
  },
  "category_3_stakes_vs_functional": {
    "0": -0.08337259127642029,
    "1": -0.006905263687367551,
    "2": 0.010241542095318436,
    "3": -0.006309468428662512,
    "4": -0.03273581630201079,
    "5": -0.025564443034818397,
    "6": -0.04628659689311462,
    "7": -0.042758011990808885,
    "8": -0.03601331899466459,
    "9": -0.029365040757547832,
    "10": -0.04120756527641788,
    "11": -0.04723655388457701,
    "12": -0.042063262569135985,
    "13": -0.04317964938294608,
    "14": -0.05174194262886886,
    "15": -0.0520755217660917,
    "16": -0.0525759523967281,
    "17": -0.05951162505778484,
    "18": -0.052886825470486655,
    "19": -0.04446684945993184,
    "20": -0.039573353895175384,
    "21": -0.040572861582040785,
    "22": -0.04050492421112722,
    "23": -0.04053956661111442,
    "24": -0.05060671269777231,
    "25": -0.04725699378061108,
    "26": -0.04464531732606702,
    "27": -0.049974146400927566,
    "28": -0.037250245900795564,
    "29": -0.033179502395214513,
    "30": -0.03461383332702098,
    "31": -0.028274894754576962,
    "32": -0.02561309091426665,
    "33": -0.027714353960991502,
    "34": -0.03288345448701875,
    "35": -0.02816247559792828,
    "36": -0.029813449940629653,
    "37": -0.026775475356844256,
    "38": -0.02608885679845116,
    "39": -0.02129670197056839,
    "40": -0.010365953789514605,
    "41": 0.0019234195501485374,
    "42": 0.0007997286308091134,
    "43": -0.004039860297343694,
    "44": -0.009789164178073406,
    "45": -0.0009779369621537625,
    "46": 0.009524496491067111,
    "47": 0.004561446839943528,
    "48": 0.017950971969403328,
    "49": 0.030453832304192473,
    "50": 0.03788629019632936,
    "51": 0.03376144250680227,
    "52": 0.04784534846898168,
    "53": 0.054343730844557285,
    "54": 0.047846049505169505,
    "55": 0.03289615700225113,
    "56": 0.022477002451196312,
    "57": 0.01953142927639419,
    "58": 0.022827737917323246,
    "59": 0.021891852538392414,
    "60": 0.03070337647528504,
    "61": 0.03317625947347551,
    "62": 0.05469477716251277,
    "63": 0.09235572392237373
  },
  "category_4_observer_vs_no_self": {
    "0": 0.026896828738972544,
    "1": 0.08278567777946591,
    "2": 0.06355681088229176,
    "3": 0.058343398695724316,
    "4": 0.05199276846367866,
    "5": 0.044515129391511435,
    "6": 0.03831694084627088,
    "7": 0.03395553360809572,
    "8": 0.03541014703350811,
    "9": 0.054266742818290366,
    "10": 0.05728666537310346,
    "11": 0.04637038038577884,
    "12": 0.04258280985523015,
    "13": 0.05177403050562134,
    "14": 0.0637486249464564,
    "15": 0.07122204672778025,
    "16": 0.08889880835078656,
    "17": 0.08848296054871753,
    "18": 0.09071505650877952,
    "19": 0.10023397824959829,
    "20": 0.10373839858279098,
    "21": 0.1046122424688656,
    "22": 0.10409327273722738,
    "23": 0.09228721900843084,
    "24": 0.08544193750130943,
    "25": 0.09015510007273406,
    "26": 0.09355353361926973,
    "27": 0.0907161217770772,
    "28": 0.08942315181950107,
    "29": 0.09112560950510669,
    "30": 0.09828995541436597,
    "31": 0.08588030298938974,
    "32": 0.07953252826700918,
    "33": 0.0828076279113884,
    "34": 0.09385740843834356,
    "35": 0.10292918446590192,
    "36": 0.1037972285458818,
    "37": 0.10226375063299202,
    "38": 0.10832735854201019,
    "39": 0.11116314397775567,
    "40": 0.11377577402628958,
    "41": 0.1173179803416133,
    "42": 0.1228465329296887,
    "43": 0.13700244755018504,
    "44": 0.1371298776488402,
    "45": 0.13535461982595734,
    "46": 0.14736533613409847,
    "47": 0.14719692228780332,
    "48": 0.1331605950719677,
    "49": 0.14837960503995418,
    "50": 0.14241666990332305,
    "51": 0.14286977035924792,
    "52": 0.13398927196860314,
    "53": 0.1325575580331497,