{
  "layer": 21,
  "original_reliability": 0.7304803308844566,
  "corrected_reliability": 0.3407559173554182
}