{
  "0": {
    "Conversational": {
      "Provocative": 0.6986205369234085,
      "Neutral": 0.2977167028188705,
      "All self-ref": 0.5363565045595169,
      "Non-self-ref": -0.16207741322461516
    },
    "Philosophical": {
      "Provocative": 0.839805765748024,
      "Neutral": 0.09045772334211506,
      "All self-ref": 0.7207110720872879,
      "Non-self-ref": -0.00949283294088673
    },
    "Combined": {
      "Provocative": 0.8731990545988083,
      "Neutral": 0.4226262575760484,
      "All self-ref": 0.7620173701643944,
      "Non-self-ref": -0.014402756075141951
    }
  },
  "1": {
    "Conversational": {
      "Provocative": 0.732725223004818,
      "Neutral": 0.2913961189961992,
      "All self-ref": 0.5798649154603481,
      "Non-self-ref": 0.12910177623853086
    },
    "Philosophical": {
      "Provocative": 0.8730745697021485,
      "Neutral": 0.2909481534361839,
      "All self-ref": 0.8206783068180085,
      "Non-self-ref": 0.13767977135954423
    },
    "Combined": {
      "Provocative": 0.8988658946752548,
      "Neutral": 0.5277744986116886,
      "All self-ref": 0.8402921491861344,
      "Non-self-ref": 0.2325637268042192
    }
  },
  "2": {
    "Conversational": {
      "Provocative": 0.6742062345147133,
      "Neutral": 0.14501274457201363,
      "All self-ref": 0.5056183022260666,
      "Non-self-ref": 0.047644893524702636
    },
    "Philosophical": {
      "Provocative": 0.8022181910276412,
      "Neutral": 0.19096779293380678,
      "All self-ref": 0.7016284763813019,
      "Non-self-ref": 0.10182136749848723
    },
    "Combined": {
      "Provocative": 0.8462431901693344,
      "Neutral": 0.2568532481906004,
      "All self-ref": 0.7512849271297455,
      "Non-self-ref": 0.1835499855084345
    }
  },
  "3": {
    "Conversational": {
      "Provocative": 0.7344812750816345,
      "Neutral": 0.29389750098809597,
      "All self-ref": 0.6314721900224686,
      "Non-self-ref": 0.09966461634263396
    },
    "Philosophical": {
      "Provocative": 0.8125902271270752,
      "Neutral": 0.24361354351043701,
      "All self-ref": 0.710470432639122,
      "Non-self-ref": 0.08371848464128562
    },
    "Combined": {
      "Provocative": 0.86654405772686,
      "Neutral": 0.4362772242352366,
      "All self-ref": 0.8003934872150421,
      "Non-self-ref": 0.2207972003519535
    }
  },
  "4": {
    "Conversational": {
      "Provocative": 0.7819118815660476,
      "Neutral": 0.4584984839707613,
      "All self-ref": 0.7321147224307061,
      "Non-self-ref": 0.2268732823058963
    },
    "Philosophical": {
      "Provocative": 0.8514236807823181,
      "Neutral": 0.2820897124148905,
      "All self-ref": 0.7678884893655777,
      "Non-self-ref": 0.16961475201882423
    },
    "Combined": {
      "Provocative": 0.8938509863615036,
      "Neutral": 0.5637074188888073,
      "All self-ref": 0.8538498353958129,
      "Non-self-ref": 0.36805673512630166
    }
  },
  "5": {
    "Conversational": {
      "Provocative": 0.857188554406166,
      "Neutral": 0.5161849765479565,
      "All self-ref": 0.8029850506782532,
      "Non-self-ref": 0.2976326759159565
    },
    "Philosophical": {
      "Provocative": 0.915105955004692,
      "Neutral": 0.293717722123838,
      "All self-ref": 0.856046222448349,
      "Non-self-ref": 0.21683261451660654
    },
    "Combined": {
      "Provocative": 0.9383182364702225,
      "Neutral": 0.6069191256165505,
      "All self-ref": 0.9054656785726547,
      "Non-self-ref": 0.4618837297707796
    }
  },
  "6": {
    "Conversational": {
      "Provocative": 0.8657647466659546,
      "Neutral": 0.578841814994812,
      "All self-ref": 0.8270401906967163,
      "Non-self-ref": 0.3689065906405449
    },
    "Philosophical": {
      "Provocative": 0.9198146867752075,
      "Neutral": 0.3619023331953213,
      "All self-ref": 0.8682259535789489,
      "Non-self-ref": 0.26550205789506437
    },
    "Combined": {
      "Provocative": 0.9417832189798355,
      "Neutral": 0.6678385388851166,
      "All self-ref": 0.9151787549257279,
      "Non-self-ref": 0.5315551444888115
    }
  },
  "7": {
    "Conversational": {
      "Provocative": 0.8675763493776322,
      "Neutral": 0.5762941783666611,
      "All self-ref": 0.8206818842887879,
      "Non-self-ref": 0.3968306643143296
    },
    "Philosophical": {
      "Provocative": 0.9265557748079299,
      "Neutral": 0.36076240955386313,
      "All self-ref": 0.8736135882139205,
      "Non-self-ref": 0.21921214958187193
    },
    "Combined": {
      "Provocative": 0.9448097115755081,
      "Neutral": 0.6637631720304489,
      "All self-ref": 0.9154350119829178,
      "Non-self-ref": 0.5297149819135666
    }
  },
  "8": {
    "Conversational": {
      "Provocative": 0.8687713843584061,
      "Neutral": 0.5337874047458172,
      "All self-ref": 0.8051633328199387,
      "Non-self-ref": 0.3781306253373623
    },
    "Philosophical": {
      "Provocative": 0.9351975047588348,
      "Neutral": 0.3011126472428441,
      "All self-ref": 0.8831142991781235,
      "Non-self-ref": 0.19865764481946827
    },
    "Combined": {
      "Provocative": 0.9489527410268783,
      "Neutral": 0.6121086543798446,
      "All self-ref": 0.9149458193778992,
      "Non-self-ref": 0.49843697875738147
    }
  },
  "9": {
    "Conversational": {
      "Provocative": 0.8695646226406097,
      "Neutral": 0.599369964748621,
      "All self-ref": 0.8112024837732315,
      "Non-self-ref": 0.30662706937640904
    },
    "Philosophical": {
      "Provocative": 0.9356139600276947,
      "Neutral": 0.28102385308826344,
      "All self-ref": 0.8791553223133087,
      "Non-self-ref": 0.1458484821007005
    },
    "Combined": {
      "Provocative": 0.9486294180154801,
      "Neutral": 0.6357969805598259,
      "All self-ref": 0.9118011790513992,
      "Non-self-ref": 0.4295266816020012
    }
  },
  "10": {
    "Conversational": {
      "Provocative": 0.8756758666038513,
      "Neutral": 0.6673351818323136,
      "All self-ref": 0.8414650875329971,
      "Non-self-ref": 0.3037324031442404
    },
    "Philosophical": {
      "Provocative": 0.9314103019237518,
      "Neutral": 0.37411141622811556,
      "All self-ref": 0.8801687556505203,
      "Non-self-ref": 0.07841801738366484
    },
    "Combined": {
      "Provocative": 0.9476435273885727,
      "Neutral": 0.6956115180253982,
      "All self-ref": 0.9187103915214538,
      "Non-self-ref": 0.40807282611727713
    }
  },
  "11": {
    "Conversational": {
      "Provocative": 0.8736056208610534,
      "Neutral": 0.6765590700507164,
      "All self-ref": 0.8390630930662155,
      "Non-self-ref": 0.34753813125193117
    },
    "Philosophical": {
      "Provocative": 0.9261479562520981,
      "Neutral": 0.3812517683580518,
      "All self-ref": 0.8757805681228638,
      "Non-self-ref": 0.08112567842705175
    },
    "Combined": {
      "Provocative": 0.9457826137542724,
      "Neutral": 0.701148122549057,
      "All self-ref": 0.915793377161026,
      "Non-self-ref": 0.4356805753707886
    }
  },
  "12": {
    "Conversational": {
      "Provocative": 0.8681981337070465,
      "Neutral": 0.6957215335965157,
      "All self-ref": 0.8381559389829636,
      "Non-self-ref": 0.3881324090063572
    },
    "Philosophical": {
      "Provocative": 0.9257854568958283,
      "Neutral": 0.363433977663517,
      "All self-ref": 0.8757488238811493,
      "Non-self-ref": 0.1388994311960414
    },
    "Combined": {
      "Provocative": 0.9441162133216858,
      "Neutral": 0.7064745888113976,
      "All self-ref": 0.913666027188301,
      "Non-self-ref": 0.4825018882751465
    }
  },
  "13": {
    "Conversational": {
      "Provocative": 0.8583138263225556,
      "Neutral": 0.6892737159132958,
      "All self-ref": 0.8372284030914307,
      "Non-self-ref": 0.39445178806781767
    },
    "Philosophical": {
      "Provocative": 0.923617558479309,
      "Neutral": 0.37031632356345656,
      "All self-ref": 0.8760769003629685,
      "Non-self-ref": 0.19156862476840616
    },