{
  "0": {
    "Conversational": {
      "Provocative": 0.7623352992534638,
      "Neutral": 0.16926788754295558,
      "All self-ref": 0.6990722680091858,
      "Non-self-ref": 0.15390730636776426
    },
    "Philosophical": {
      "Provocative": 0.8885623383522033,
      "Neutral": 0.709670387506485,
      "All self-ref": 0.9068241286277771,
      "Non-self-ref": -0.029829913125213353
    },
    "Combined": {
      "Provocative": 0.9093107235431671,
      "Neutral": 0.6378944599628449,
      "All self-ref": 0.9061101883649826,
      "Non-self-ref": 0.18575246738269924
    }
  },
  "4": {
    "Conversational": {
      "Provocative": 0.7156147080659866,
      "Neutral": 0.24342194257769734,
      "All self-ref": 0.6925452762842178,
      "Non-self-ref": 0.13132820385624655
    },
    "Philosophical": {
      "Provocative": 0.8676116323471069,
      "Neutral": 0.6881790697574616,
      "All self-ref": 0.8917245852947235,
      "Non-self-ref": -0.044003866233688314
    },
    "Combined": {
      "Provocative": 0.8906677877902984,
      "Neutral": 0.6444693338871003,
      "All self-ref": 0.8958290320634842,
      "Non-self-ref": 0.1721408750489354
    }
  },
  "8": {
    "Conversational": {
      "Provocative": 0.7693554532527923,
      "Neutral": 0.3354040602594614,
      "All self-ref": 0.7542275786399841,
      "Non-self-ref": 0.14767733993008733
    },
    "Philosophical": {
      "Provocative": 0.8911737215518951,
      "Neutral": 0.7571385049819946,
      "All self-ref": 0.915068274140358,
      "Non-self-ref": -0.00889463828134467
    },
    "Combined": {
      "Provocative": 0.911965298652649,
      "Neutral": 0.7215361368656158,
      "All self-ref": 0.9193219250440597,
      "Non-self-ref": 0.17838124448433518
    }
  },
  "12": {
    "Conversational": {
      "Provocative": 0.7816571813821792,
      "Neutral": 0.3892265722155571,
      "All self-ref": 0.7684842807054519,
      "Non-self-ref": 0.17000265283510088
    },
    "Philosophical": {
      "Provocative": 0.8917534655332565,
      "Neutral": 0.7646902298927307,
      "All self-ref": 0.9161250990629196,
      "Non-self-ref": -0.009092927234014496
    },
    "Combined": {
      "Provocative": 0.9156574869155883,
      "Neutral": 0.7401313185691833,
      "All self-ref": 0.9225340074300766,
      "Non-self-ref": 0.1945598590746522
    }
  },
  "16": {
    "Conversational": {
      "Provocative": 0.7817011541128158,
      "Neutral": 0.412333250939846,
      "All self-ref": 0.7724636113643646,
      "Non-self-ref": 0.22435650933533907
    },
    "Philosophical": {
      "Provocative": 0.8909788620471955,
      "Neutral": 0.7680476129055023,
      "All self-ref": 0.9158155101537705,
      "Non-self-ref": 0.027803430011263116
    },
    "Combined": {
      "Provocative": 0.9148561382293701,
      "Neutral": 0.7495092314481735,
      "All self-ref": 0.9231370097398758,
      "Non-self-ref": 0.2522427866607904
    }
  },
  "20": {
    "Conversational": {
      "Provocative": 0.7995450580120087,
      "Neutral": 0.5305649533867836,
      "All self-ref": 0.8010819160938263,
      "Non-self-ref": 0.21546298753470183
    },
    "Philosophical": {
      "Provocative": 0.9019284617900848,
      "Neutral": 0.7996130281686783,
      "All self-ref": 0.9259675496816635,
      "Non-self-ref": 0.03845926342299208
    },
    "Combined": {
      "Provocative": 0.9227634900808335,
      "Neutral": 0.7929536062479019,
      "All self-ref": 0.9326316452026367,
      "Non-self-ref": 0.25502598807215693
    }
  },
  "24": {
    "Conversational": {
      "Provocative": 0.7855165702104568,
      "Neutral": 0.5734189105033874,
      "All self-ref": 0.799122189283371,
      "Non-self-ref": 0.22197193127125503
    },
    "Philosophical": {
      "Provocative": 0.8932572329044342,
      "Neutral": 0.7897435253858567,
      "All self-ref": 0.9195127028226853,
      "Non-self-ref": 0.03039951783413926
    },
    "Combined": {
      "Provocative": 0.9152982616424561,
      "Neutral": 0.7950657546520233,
      "All self-ref": 0.9279893606901168,
      "Non-self-ref": 0.2669693337380886
    }
  },
  "28": {
    "Conversational": {
      "Provocative": 0.7545144069194794,
      "Neutral": 0.5446564009785653,
      "All self-ref": 0.7741988629102707,
      "Non-self-ref": 0.23060241647064686
    },
    "Philosophical": {
      "Provocative": 0.8749442023038864,
      "Neutral": 0.7632964122295379,
      "All self-ref": 0.9056666338443756,
      "Non-self-ref": 0.04908068820179324
    },
    "Combined": {
      "Provocative": 0.8999460798501968,
      "Neutral": 0.771045657992363,
      "All self-ref": 0.9156034499406814,
      "Non-self-ref": 0.2782136373221874
    }
  },
  "32": {
    "Conversational": {
      "Provocative": 0.7034231269359589,
      "Neutral": 0.5022056943178177,
      "All self-ref": 0.7345775187015533,
      "Non-self-ref": 0.23450432412326336
    },
    "Philosophical": {
      "Provocative": 0.8502717387676239,
      "Neutral": 0.7270717149972916,
      "All self-ref": 0.8871733170747756,
      "Non-self-ref": 0.07616249681450427
    },
    "Combined": {
      "Provocative": 0.8762136268615722,
      "Neutral": 0.73818225979805,
      "All self-ref": 0.8975614058971405,
      "Non-self-ref": 0.29168556824326514
    }
  },
  "36": {
    "Conversational": {
      "Provocative": 0.6494574201107025,
      "Neutral": 0.48902997851371766,
      "All self-ref": 0.7008254969120026,
      "Non-self-ref": 0.25045286074280737
    },
    "Philosophical": {
      "Provocative": 0.8109503132104874,
      "Neutral": 0.6743376100063324,
      "All self-ref": 0.8551398527622223,
      "Non-self-ref": 0.10047624925064155
    },
    "Combined": {
      "Provocative": 0.8430748492479324,
      "Neutral": 0.7018386226892471,
      "All self-ref": 0.8713559103012085,
      "Non-self-ref": 0.31752192094922066
    }
  },
  "40": {
    "Conversational": {
      "Provocative": 0.6383405488729477,
      "Neutral": 0.5212001293897629,
      "All self-ref": 0.7041394734382629,
      "Non-self-ref": 0.26086331441998484
    },
    "Philosophical": {
      "Provocative": 0.7944432669878005,
      "Neutral": 0.6520406007766724,
      "All self-ref": 0.8401663702726364,
      "Non-self-ref": 0.10494272540323436
    },
    "Combined": {
      "Provocative": 0.83039710521698,
      "Neutral": 0.7004910337924958,
      "All self-ref": 0.8624737781286239,
      "Non-self-ref": 0.33289201468229296
    }
  },
  "44": {
    "Conversational": {
      "Provocative": 0.6615148085355759,
      "Neutral": 0.5465787062048912,
      "All self-ref": 0.7251306420564652,
      "Non-self-ref": 0.27758776500821114
    },
    "Philosophical": {
      "Provocative": 0.8080648136138916,
      "Neutral": 0.6628215366601944,
      "All self-ref": 0.8499459767341614,
      "Non-self-ref": 0.10684493920067326
    },
    "Combined": {
      "Provocative": 0.8424365603923798,
      "Neutral": 0.7160572540760041,
      "All self-ref": 0.872094886302948,
      "Non-self-ref": 0.35197592318058013
    }
  },
  "48": {
    "Conversational": {
      "Provocative": 0.6979552346467972,
      "Neutral": 0.5526291289925576,
      "All self-ref": 0.7460624891519546,
      "Non-self-ref": 0.26835899546742437
    },
    "Philosophical": {
      "Provocative": 0.836827488541603,
      "Neutral": 0.6870578241348266,
      "All self-ref": 0.8703673827648163,
      "Non-self-ref": 0.09772475070785731
    },
    "Combined": {
      "Provocative": 0.8664329433441162,
      "Neutral": 0.7295550793409348,
      "All self-ref": 0.888190655708313,
      "Non-self-ref": 0.3494320151209831
    }
  },
  "52": {
    "Conversational": {
      "Provocative": 0.7287718260288238,
      "Neutral": 0.5374761027097702,
      "All self-ref": 0.757407665848732,
      "Non-self-ref": 0.2536626893281937
    },
    "Philosophical": {
      "Provocative": 0.8647495394945145,
      "Neutral": 0.7098721480369568,
      "All self-ref": 0.8897308886051178,