{
  "0": {
    "Conversational": {
      "Provocative": 0.4046477919071913,
      "Neutral": 0.4808363360911608,
      "All self-ref": 0.6368214219808579,
      "Non-self-ref": -0.10600139478512574
    },
    "Philosophical": {
      "Provocative": 0.14905837204307318,
      "Neutral": 0.13702373720007016,
      "All self-ref": 0.27924249509349464,
      "Non-self-ref": -0.06432317482307554
    },
    "Combined": {
      "Provocative": 0.3392096662521362,
      "Neutral": 0.32236284503713253,
      "All self-ref": 0.5244728665053845,
      "Non-self-ref": -0.07307382481987588
    }
  },
  "4": {
    "Conversational": {
      "Provocative": 0.43324302477762106,
      "Neutral": 0.6811059010773897,
      "All self-ref": 0.7757785525172949,
      "Non-self-ref": -0.11151725905598141
    },
    "Philosophical": {
      "Provocative": 0.2486718691792339,
      "Neutral": 0.34848067788407205,
      "All self-ref": 0.4772853525914252,
      "Non-self-ref": -0.13943804481532424
    },
    "Combined": {
      "Provocative": 0.26470881497487425,
      "Neutral": 0.28483065919950606,
      "All self-ref": 0.4876555613614619,
      "Non-self-ref": -0.06784041343256832
    }
  },
  "8": {
    "Conversational": {
      "Provocative": 0.39588309820741413,
      "Neutral": 0.6391156863421201,
      "All self-ref": 0.7438397922366857,
      "Non-self-ref": -0.10841121073477553
    },
    "Philosophical": {
      "Provocative": 0.15654202181845903,
      "Neutral": 0.3110094605665654,
      "All self-ref": 0.40324084378778935,
      "Non-self-ref": -0.15019693844253199
    },
    "Combined": {
      "Provocative": 0.22536762926727533,
      "Neutral": 0.24745374572463333,
      "All self-ref": 0.43605789250133964,
      "Non-self-ref": -0.12230248831270728
    }
  },
  "12": {
    "Conversational": {
      "Provocative": 0.3886616806872189,
      "Neutral": 0.6047451077587902,
      "All self-ref": 0.715273529663682,
      "Non-self-ref": -0.07349266806995729
    },
    "Philosophical": {
      "Provocative": 0.24628491941839456,
      "Neutral": 0.29957603169605135,
      "All self-ref": 0.42873588709160687,
      "Non-self-ref": -0.10635573885403574
    },
    "Combined": {
      "Provocative": 0.28566862708888946,
      "Neutral": 0.23526327826897614,
      "All self-ref": 0.4359802807797678,
      "Non-self-ref": -0.08677935524567147
    }
  },
  "16": {
    "Conversational": {
      "Provocative": 0.34892991670407353,
      "Neutral": 0.556256808610633,
      "All self-ref": 0.6714713639020919,
      "Non-self-ref": -0.0620850969156254
    },
    "Philosophical": {
      "Provocative": 0.24547278355807067,
      "Neutral": 0.28942466117441656,
      "All self-ref": 0.42363265702617353,
      "Non-self-ref": -0.09332253900938667
    },
    "Combined": {
      "Provocative": 0.26954677326139065,
      "Neutral": 0.21451558080327232,
      "All self-ref": 0.4029114940855652,
      "Non-self-ref": -0.059315681452862916
    }
  },
  "20": {
    "Conversational": {
      "Provocative": 0.3559023532964056,
      "Neutral": 0.5670074505731464,
      "All self-ref": 0.6832473656535148,
      "Non-self-ref": -0.055256134710216426
    },
    "Philosophical": {
      "Provocative": 0.22988376409281044,
      "Neutral": 0.2880843367893249,
      "All self-ref": 0.41622384554124436,
      "Non-self-ref": -0.0817606903903652
    },
    "Combined": {
      "Provocative": 0.25286483525065706,
      "Neutral": 0.1907396620605141,
      "All self-ref": 0.3886733549903147,
      "Non-self-ref": -0.040257119704037905
    }
  },
  "24": {
    "Conversational": {
      "Provocative": 0.4535729342326522,
      "Neutral": 0.6610106380283832,
      "All self-ref": 0.7671932427585125,
      "Non-self-ref": -0.08330773289897479
    },
    "Philosophical": {
      "Provocative": 0.23359306690748782,
      "Neutral": 0.3452338679134846,
      "All self-ref": 0.45796370688825844,
      "Non-self-ref": -0.07049652675486869
    },
    "Combined": {
      "Provocative": 0.27661540030501786,
      "Neutral": 0.2401935386378318,
      "All self-ref": 0.44795116177760064,
      "Non-self-ref": -0.07120632495381869
    }
  },
  "28": {
    "Conversational": {
      "Provocative": 0.4345225348696113,
      "Neutral": 0.6278023630101234,
      "All self-ref": 0.7423586229979992,
      "Non-self-ref": -0.09375469739665278
    },
    "Philosophical": {
      "Provocative": 0.2146961149154231,
      "Neutral": 0.3356909305488807,
      "All self-ref": 0.4469177107326686,
      "Non-self-ref": -0.054243463189341125
    },
    "Combined": {
      "Provocative": 0.2676718017784879,
      "Neutral": 0.23328144801780581,
      "All self-ref": 0.43432690534740687,
      "Non-self-ref": -0.06808757004968356
    }
  },
  "32": {
    "Conversational": {
      "Provocative": 0.5352943616360426,
      "Neutral": 0.6580492776539176,
      "All self-ref": 0.7756455972790718,
      "Non-self-ref": -0.1334269015886821
    },
    "Philosophical": {
      "Provocative": 0.28026322843506934,
      "Neutral": 0.380192502643913,
      "All self-ref": 0.4965074046701193,
      "Non-self-ref": -0.08741191324777901
    },
    "Combined": {
      "Provocative": 0.3967954229190946,
      "Neutral": 0.3314086277317256,
      "All self-ref": 0.547996033243835,
      "Non-self-ref": -0.077914956077002
    }
  },
  "36": {
    "Conversational": {
      "Provocative": 0.5589224826078862,
      "Neutral": 0.6712044291879283,
      "All self-ref": 0.7883652165532112,
      "Non-self-ref": -0.17040030698524788
    },
    "Philosophical": {
      "Provocative": 0.2799491554900305,
      "Neutral": 0.3937387981638312,
      "All self-ref": 0.5092095977813006,
      "Non-self-ref": -0.13771592323057122
    },
    "Combined": {
      "Provocative": 0.40047993866726755,
      "Neutral": 0.35107770469010574,
      "All self-ref": 0.5628716991096735,
      "Non-self-ref": -0.13163294743397272
    }
  },
  "40": {
    "Conversational": {
      "Provocative": 0.6065368878678419,
      "Neutral": 0.6831962233036757,
      "All self-ref": 0.8009058758616447,
      "Non-self-ref": -0.17985442794393747
    },
    "Philosophical": {
      "Provocative": 0.3220307986065745,
      "Neutral": 0.4067074160836637,
      "All self-ref": 0.5278804395161569,
      "Non-self-ref": -0.14157499710679985
    },
    "Combined": {
      "Provocative": 0.5088234117161483,
      "Neutral": 0.44092403784394263,
      "All self-ref": 0.651668976098299,
      "Non-self-ref": -0.1299383588915225
    }
  },
  "44": {
    "Conversational": {
      "Provocative": 0.5825029811263085,
      "Neutral": 0.6653827974200248,
      "All self-ref": 0.7860852918028831,
      "Non-self-ref": -0.15512187336338684
    },
    "Philosophical": {
      "Provocative": 0.3334432674897835,
      "Neutral": 0.40425664353184404,
      "All self-ref": 0.5335417963936925,
      "Non-self-ref": -0.10387885265983642
    },
    "Combined": {
      "Provocative": 0.5024735182989388,
      "Neutral": 0.40750702016055584,
      "All self-ref": 0.6316104017198085,
      "Non-self-ref": -0.0945231895253528
    }
  },
  "48": {
    "Conversational": {
      "Provocative": 0.5925685276463628,
      "Neutral": 0.6750336302816868,
      "All self-ref": 0.7938708263635635,
      "Non-self-ref": -0.13279027465730905
    },
    "Philosophical": {
      "Provocative": 0.3377536046691239,
      "Neutral": 0.4200623940303922,
      "All self-ref": 0.5417156608845107,
      "Non-self-ref": -0.08143741438165307
    },
    "Combined": {
      "Provocative": 0.5022347665019333,
      "Neutral": 0.3811073739640415,
      "All self-ref": 0.6229465189576149,
      "Non-self-ref": -0.07501939169131219
    }
  },
  "52": {
    "Conversational": {
      "Provocative": 0.5675441770069302,
      "Neutral": 0.6510986029310152,
      "All self-ref": 0.7687464544177055,
      "Non-self-ref": -0.1126024015666917
    },
    "Philosophical": {
      "Provocative": 0.44330756245180963,
      "Neutral": 0.476798889907077,