{
  "model": "meta-llama_Llama-3.3-70B-Instruct",
  "layer": 20,
  "num_pairs_total": 25,
  "num_questions": 45,
  "n_trials_per_n": 200,
  "empirical": {
    "4": {
      "mean": 0.5201017974317074,
      "std": 0.16163118265394094
    },
    "6": {
      "mean": 0.651216885149479,
      "std": 0.12777369835819455
    },
    "8": {
      "mean": 0.7068397125601769,
      "std": 0.10586681658719477
    },
    "10": {
      "mean": 0.7583715519309044,
      "std": 0.07384608439876464
    },
    "12": {
      "mean": 0.7976589566469192,
      "std": 0.06563615644037717
    },
    "16": {
      "mean": 0.8370694649219513,
      "std": 0.04636018901494304
    },
    "20": {
      "mean": 0.8751270353794098,
      "std": 0.026598607425236315
    },
    "24": {
      "mean": 0.8938679215312004,
      "std": 0.0199464593416466
    }
  },
  "spearman_brown_from_n_base": {
    "n_base": 4,
    "r_base": 0.5201017974317074,
    "predicted": {
      "4": 0.5201017974317074,
      "6": 0.6191437956535187,
      "8": 0.6842986414599956,
      "10": 0.7304173941893618,
      "12": 0.7647792584149329,
      "16": 0.8125621248103923,
      "20": 0.8442094914695839,
      "24": 0.8667137884449442
    }
  },
  "rmse_sb_vs_empirical": 0.026676636855708112,
  "category_n25_predictions": {
    "Qwen 2.5-7B  Cat 1 (narrative)": {
      "r_observed_n5": 0.27,
      "r_predicted_n25": 0.6490384615384616
    },
    "Qwen 2.5-7B  Cat 2 (bounded)": {
      "r_observed_n5": 0.13,
      "r_predicted_n25": 0.4276315789473684
    },
    "Qwen 2.5-7B  Cat 3 (stakes)": {
      "r_observed_n5": 0.29,
      "r_predicted_n25": 0.6712962962962963
    },
    "Qwen 2.5-7B  Cat 4 (observer)": {
      "r_observed_n5": 0.62,
      "r_predicted_n25": 0.8908045977011495
    },
    "Qwen3-32B    Cat 1 (narrative)": {
      "r_observed_n5": 0.071,
      "r_predicted_n25": 0.2764797507788162
    },
    "Qwen3-32B    Cat 2 (bounded)": {
      "r_observed_n5": 0.021,
      "r_predicted_n25": 0.09686346863468635
    },
    "Qwen3-32B    Cat 3 (stakes)": {
      "r_observed_n5": 0.092,
      "r_predicted_n25": 0.3362573099415205
    },
    "Qwen3-32B    Cat 4 (observer)": {
      "r_observed_n5": 0.148,
      "r_predicted_n25": 0.46482412060301503
    }
  }
}