{
  "model": "meta-llama_Llama-3.3-70B-Instruct",
  "question_subset": "self_ref_only_30q",
  "note": "Reliability computed on 25 pairs x 30 self-ref questions (neutral + provocative). Matches paper's headline reliability subset.",
  "per_layer": {
    "0": {
      "original": 0.9061101883649826,
      "corrected": 0.7408646208047867
    },
    "4": {
      "original": 0.8958290320634842,
      "corrected": 0.7754253739118576
    },
    "8": {
      "original": 0.9193219250440597,
      "corrected": 0.8328454196453094
    },
    "12": {
      "original": 0.9225340074300766,
      "corrected": 0.8375296908617019
    },
    "16": {
      "original": 0.9231370097398758,
      "corrected": 0.8509153634309768
    },
    "20": {
      "original": 0.9326316452026367,
      "corrected": 0.8806210172176361
    },
    "24": {
      "original": 0.9279893606901168,
      "corrected": 0.8861671912670136
    },
    "28": {
      "original": 0.9156034499406814,
      "corrected": 0.8718436741828919
    },
    "32": {
      "original": 0.8975614058971405,
      "corrected": 0.847243338227272
    },
    "36": {
      "original": 0.8713559103012085,
      "corrected": 0.8186503547430038
    },
    "40": {
      "original": 0.8624737781286239,
      "corrected": 0.8207870215177536
    },
    "44": {
      "original": 0.872094886302948,
      "corrected": 0.8289968031644821
    },
    "48": {
      "original": 0.888190655708313,
      "corrected": 0.8357914167642594
    },
    "52": {
      "original": 0.9014847350120544,
      "corrected": 0.8350044494867325
    },
    "56": {
      "original": 0.9058360075950622,
      "corrected": 0.8351814281940461
    },
    "60": {
      "original": 0.9151653826236725,
      "corrected": 0.8344198417663574
    },
    "64": {
      "original": 0.9113677626848221,
      "corrected": 0.831946684718132
    },
    "68": {
      "original": 0.9098131775856018,
      "corrected": 0.8309158200025558
    },
    "72": {
      "original": 0.9115550518035889,
      "corrected": 0.8220534765720368
    },
    "76": {
      "original": 0.9222439450025558,
      "corrected": 0.8244463497400284
    },
    "79": {
      "original": 0.905628861784935,
      "corrected": 0.8249505072832107
    }
  }
}