{
  "model": "Qwen_Qwen2.5-72B-Instruct",
  "per_layer": {
    "0": -0.07039102911949158,
    "4": -0.4000712037086487,
    "8": -0.38269495964050293,
    "12": -0.3440925180912018,
    "16": -0.3074922561645508,
    "20": -0.3483915328979492,
    "24": -0.4488205313682556,
    "28": -0.39831364154815674,
    "32": -0.3075743019580841,
    "36": -0.3260388970375061,
    "40": -0.1754642128944397,
    "44": -0.16731245815753937,
    "48": -0.20746243000030518,
    "52": -0.12179563194513321,
    "56": -0.02309730462729931,
    "60": -0.011451455764472485,
    "64": -0.06121986359357834,
    "68": -0.03994885832071304,
    "72": -0.030623149126768112,
    "76": -0.02026628516614437,
    "79": 0.004915272351354361
  }
}