{
  "model": "google_gemma-4-26b-a4b-it",
  "per_layer": {
    "0": 0.6527764797210693,
    "1": 0.775886058807373,
    "2": 0.6592662930488586,
    "3": 0.7462522387504578,
    "4": 0.7934474349021912,
    "5": 0.8509602546691895,
    "6": 0.8647522926330566,
    "7": 0.8667960166931152,
    "8": 0.8496802449226379,
    "9": 0.8168423771858215,
    "10": 0.8155634999275208,
    "11": 0.8003538250923157,
    "12": 0.7862106561660767,
    "13": 0.7800299525260925,
    "14": 0.7555053234100342,
    "15": 0.7159290909767151,
    "16": 0.7756296992301941,
    "17": 0.74979567527771,
    "18": 0.7678057551383972,
    "19": 0.8091338276863098,
    "20": 0.8069638609886169,
    "21": 0.8043766617774963,
    "22": 0.7935299277305603,
    "23": 0.7895094752311707,
    "24": 0.7837315797805786,
    "25": 0.7807697653770447,
    "26": 0.7697461843490601,
    "27": 0.7634880542755127,
    "28": 0.7061633467674255,
    "29": 0.6284373998641968
  }
}