{
  "model": "Qwen_Qwen2.5-72B-Instruct",
  "question_subset": "self_ref_only_30q",
  "note": "Reliability computed on 25 pairs x 30 self-ref questions (neutral + provocative). Matches paper's headline reliability subset.",
  "per_layer": {
    "0": {
      "original": 0.5244728665053845,
      "corrected": 0.45629522755742075
    },
    "4": {
      "original": 0.4876555613614619,
      "corrected": 0.4765625536441803
    },
    "8": {
      "original": 0.43605789250133964,
      "corrected": 0.4134109654277563
    },
    "12": {
      "original": 0.4359802807797678,
      "corrected": 0.41998715803027153
    },
    "16": {
      "original": 0.4029114940855652,
      "corrected": 0.3875880934298038
    },
    "20": {
      "original": 0.3886733549903147,
      "corrected": 0.37681659512221816
    },
    "24": {
      "original": 0.44795116177760064,
      "corrected": 0.4396545049548149
    },
    "28": {
      "original": 0.43432690534740687,
      "corrected": 0.4380798611044884
    },
    "32": {
      "original": 0.547996033243835,
      "corrected": 0.5708451476693154
    },
    "36": {
      "original": 0.5628716991096735,
      "corrected": 0.5897433683276176
    },
    "40": {
      "original": 0.651668976098299,
      "corrected": 0.6649067237973213
    },
    "44": {
      "original": 0.6316104017198085,
      "corrected": 0.6443421736359596
    },
    "48": {
      "original": 0.6229465189576149,
      "corrected": 0.6486635729670525
    },
    "52": {
      "original": 0.6430510038137436,
      "corrected": 0.6900832393765449
    },
    "56": {
      "original": 0.7120718026161194,
      "corrected": 0.7581518685817719
    },
    "60": {
      "original": 0.7095563244819642,
      "corrected": 0.7548426127433777
    },
    "64": {
      "original": 0.6734229829907418,
      "corrected": 0.7181158840656281
    },
    "68": {
      "original": 0.6533109796047211,
      "corrected": 0.6880244705080986
    },
    "72": {
      "original": 0.6119264444708824,
      "corrected": 0.6485844469070434
    },
    "76": {
      "original": 0.5883365592360497,
      "corrected": 0.6336652511358261
    },
    "79": {
      "original": 0.5680913892388344,
      "corrected": 0.6262485444545746
    }
  }
}