{
  "model": "google_gemma-4-26b-a4b-it",
  "n_samples": 2250,
  "per_layer": {
    "0": {
      "pearson_r": -0.029992146221664906,
      "p_value": 0.1549734912061765
    },
    "1": {
      "pearson_r": -0.021611364955629833,
      "p_value": 0.30552031177038835
    },
    "2": {
      "pearson_r": -0.041979629530242556,
      "p_value": 0.04647651105110536
    },
    "3": {
      "pearson_r": -0.007309544497649239,
      "p_value": 0.728941365192047
    },
    "4": {
      "pearson_r": 0.03626336015889918,
      "p_value": 0.08548117710224694
    },
    "5": {
      "pearson_r": 0.007181790201114463,
      "p_value": 0.7334971101824376
    },
    "6": {
      "pearson_r": 0.03472272733069986,
      "p_value": 0.09963518363249779
    },
    "7": {
      "pearson_r": 0.02852979410043603,
      "p_value": 0.1761162429830347
    },
    "8": {
      "pearson_r": 0.016002913822133,
      "p_value": 0.4480250889567139
    },
    "9": {
      "pearson_r": 0.03134085385166605,
      "p_value": 0.13723517096716484
    },
    "10": {
      "pearson_r": 0.12746088724625632,
      "p_value": 1.29995168689659e-09
    },
    "11": {
      "pearson_r": 0.20743338810899853,
      "p_value": 2.7248804460050927e-23
    },
    "12": {
      "pearson_r": 0.23341455718336412,
      "p_value": 3.2155175752652245e-29
    },
    "13": {
      "pearson_r": 0.24317753652157978,
      "p_value": 1.2066699961866776e-31
    },
    "14": {
      "pearson_r": 0.2418192662814433,
      "p_value": 2.664694452564023e-31
    },
    "15": {
      "pearson_r": 0.1677123599275309,
      "p_value": 1.1691649423865988e-15
    },
    "16": {
      "pearson_r": 0.22792522979780158,
      "p_value": 6.654419396774634e-28
    },
    "17": {
      "pearson_r": 0.24889692507484396,
      "p_value": 4.0670177687513414e-33
    },
    "18": {
      "pearson_r": 0.27848404247300407,
      "p_value": 2.3599058876808105e-41
    },
    "19": {
      "pearson_r": 0.2944367666149066,
      "p_value": 3.0778968224613855e-46
    },
    "20": {
      "pearson_r": 0.2934281729596454,
      "p_value": 6.405166392850946e-46
    },
    "21": {
      "pearson_r": 0.30708903444982166,
      "p_value": 2.4285299452617506e-50
    },
    "22": {
      "pearson_r": 0.26943323157523724,
      "p_value": 1.0100422046171483e-38
    },
    "23": {
      "pearson_r": 0.185590927919325,
      "p_value": 6.951226763869905e-19
    },
    "24": {
      "pearson_r": 0.1681321350487252,
      "p_value": 9.90846975952093e-16
    },
    "25": {
      "pearson_r": 0.11931317075238664,
      "p_value": 1.3734716400664697e-08
    },
    "26": {
      "pearson_r": 0.09838600983043622,
      "p_value": 2.9307806950317374e-06
    },
    "27": {
      "pearson_r": 0.07119210907135072,
      "p_value": 0.000726574190947011
    },
    "28": {
      "pearson_r": -0.02137337240087086,
      "p_value": 0.3108784774857635
    },
    "29": {
      "pearson_r": 0.023810095075609158,
      "p_value": 0.25892128806651366
    }
  }
}