{
  "model": "google_gemma-4-26b-a4b-it",
  "per_layer": {
    "0": {
      "original": 0.7464801113307477,
      "corrected": 0.6862000350654125
    },
    "1": {
      "original": 0.841747704744339,
      "corrected": 0.6535670292563737
    },
    "2": {
      "original": 0.7420631968975067,
      "corrected": 0.643499963581562
    },
    "3": {
      "original": 0.7895771485567092,
      "corrected": 0.7369833540916443
    },
    "4": {
      "original": 0.8456362766027451,
      "corrected": 0.812770414352417
    },
    "5": {
      "original": 0.8974423813819885,
      "corrected": 0.8537521451711655
    },
    "6": {
      "original": 0.9112745773792267,
      "corrected": 0.8753965246677399
    },
    "7": {
      "original": 0.9113232797384262,
      "corrected": 0.8733458316326141
    },
    "8": {
      "original": 0.9085319364070892,
      "corrected": 0.8564364713430405
    },
    "9": {
      "original": 0.9013334822654724,
      "corrected": 0.8609236711263657
    },
    "10": {
      "original": 0.9049026077985763,
      "corrected": 0.8736540871858597
    },
    "11": {
      "original": 0.9020913648605347,
      "corrected": 0.8783529078960419
    },
    "12": {
      "original": 0.9034999454021454,
      "corrected": 0.8841144025325776
    },
    "13": {
      "original": 0.9039405059814453,
      "corrected": 0.8829478949308396
    },
    "14": {
      "original": 0.8827134054899216,
      "corrected": 0.8596112859249115
    },
    "15": {
      "original": 0.8572514462471008,
      "corrected": 0.8135488712787629
    },
    "16": {
      "original": 0.8895724755525589,
      "corrected": 0.8857770264148712
    },
    "17": {
      "original": 0.8745509374141693,
      "corrected": 0.8709951281547547
    },
    "18": {
      "original": 0.8693057924509049,
      "corrected": 0.863687910437584
    },
    "19": {
      "original": 0.8870518159866333,
      "corrected": 0.8839987897872925
    },
    "20": {
      "original": 0.8824171531200409,
      "corrected": 0.8769185942411423
    },
    "21": {
      "original": 0.8904909586906433,
      "corrected": 0.8913541942834854
    },
    "22": {
      "original": 0.8736340606212616,
      "corrected": 0.8728881454467774
    },
    "23": {
      "original": 0.8706251466274262,
      "corrected": 0.8563703125715256
    },
    "24": {
      "original": 0.8653946650028229,
      "corrected": 0.8442378211021423
    },
    "25": {
      "original": 0.8603438061475753,
      "corrected": 0.81866270840168
    },
    "26": {
      "original": 0.8556742775440216,
      "corrected": 0.8200115156173706
    },
    "27": {
      "original": 0.8615557008981705,
      "corrected": 0.8262746953964233
    },
    "28": {
      "original": 0.8277060264348983,
      "corrected": 0.8022852569818497
    },
    "29": {
      "original": 0.8752332693338394,
      "corrected": 0.8005647248029709
    }
  }
}