{
  "model": "meta-llama_Llama-3.3-70B-Instruct",
  "per_layer": {
    "0": 0.7952997088432312,
    "4": 0.7929108738899231,
    "8": 0.822088360786438,
    "12": 0.8187962174415588,
    "16": 0.8170336484909058,
    "20": 0.8211999535560608,
    "24": 0.8124988675117493,
    "28": 0.7821447849273682,
    "32": 0.753121018409729,
    "36": 0.7174445390701294,
    "40": 0.6993008852005005,
    "44": 0.7071202993392944,
    "48": 0.7347975373268127,
    "52": 0.754091739654541,
    "56": 0.7503471374511719,
    "60": 0.7493473887443542,
    "64": 0.7375040054321289,
    "68": 0.7390690445899963,
    "72": 0.754234254360199,
    "76": 0.7846395969390869,
    "79": 0.7402811050415039
  }
}