{
  "model": "meta-llama_Llama-3.3-70B-Instruct",
  "n_samples": 303,
  "per_layer": {
    "0": {
      "pearson_r": -0.16379229218454078,
      "p_value": 0.004254326333617757
    },
    "4": {
      "pearson_r": -0.1472453351747263,
      "p_value": 0.010273232885684002
    },
    "8": {
      "pearson_r": -0.1689289210338677,
      "p_value": 0.00318184592175417
    },
    "12": {
      "pearson_r": -0.17615748432115294,
      "p_value": 0.0020854581885325603
    },
    "16": {
      "pearson_r": -0.1732106826091337,
      "p_value": 0.0024822320384665897
    },
    "20": {
      "pearson_r": -0.14324724360579344,
      "p_value": 0.012557808479786653
    },
    "24": {
      "pearson_r": -0.08136203074814898,
      "p_value": 0.15772931484458225
    },
    "28": {
      "pearson_r": -0.11030573862946814,
      "p_value": 0.05511089231892918
    },
    "32": {
      "pearson_r": -0.10108379898072167,
      "p_value": 0.07895450464385009
    },
    "36": {
      "pearson_r": -0.04005015300094301,
      "p_value": 0.4873398411505322
    },
    "40": {
      "pearson_r": 0.03328550627542746,
      "p_value": 0.5638297046040405
    },
    "44": {
      "pearson_r": 0.06100612736479451,
      "p_value": 0.2898164922946824
    },
    "48": {
      "pearson_r": 0.02230176844233999,
      "p_value": 0.6990167514369314
    },
    "52": {
      "pearson_r": -0.03504589998499419,
      "p_value": 0.5433827717770825
    },
    "56": {
      "pearson_r": -0.035715411914771886,
      "p_value": 0.5357039704723506
    },
    "60": {
      "pearson_r": -0.06308042652335762,
      "p_value": 0.2736978987206867
    },
    "64": {
      "pearson_r": -0.044212272186082764,
      "p_value": 0.443204916286683
    },
    "68": {
      "pearson_r": -0.02464493171200878,
      "p_value": 0.6691728384849732
    },
    "72": {
      "pearson_r": -0.04121749983753849,
      "p_value": 0.47472828625968244
    },
    "76": {
      "pearson_r": -0.06890142074163921,
      "p_value": 0.23176518439648294
    },
    "79": {
      "pearson_r": -0.05228609602454339,
      "p_value": 0.3644082203580574
    }
  }
}