{
  "model": "google_gemma-4-26b-a4b-it",
  "category": "category_5_baseline",
  "n_pairs": 25,
  "n_null_splits": 20,
  "top_k": 8,
  "per_layer": {
    "0": {
      "real_js_mean": 6.334142347744395e-07,
      "real_js_std": 3.828829342751714e-07,
      "real_cos_mean": 2.5845103793674044e-06,
      "real_cos_std": 1.5747878324312798e-06,
      "real_jac_mean": 0.15811111111111112,
      "real_jac_std": 0.09682910999905904,
      "null_js_mean": 8.631741431928377e-07,
      "null_js_std": 2.724936280177164e-07,
      "null_cos_mean": 3.536388609144423e-06,
      "null_cos_std": 1.1234842456811786e-06,
      "null_jac_mean": 0.1696222222222222,
      "null_jac_std": 0.05494160087013154
    },
    "1": {
      "real_js_mean": 6.46962859365077e-07,
      "real_js_std": 4.0605006521148796e-07,
      "real_cos_mean": 2.6191605461968315e-06,
      "real_cos_std": 1.6520391386449602e-06,
      "real_jac_mean": 0.2808888888888889,
      "real_jac_std": 0.1385090806846207,
      "null_js_mean": 1.126155857627964e-06,
      "null_js_std": 4.800470845746865e-07,
      "null_cos_mean": 4.599515597025554e-06,
      "null_cos_std": 1.970416944325431e-06,
      "null_jac_mean": 0.3562777777777778,
      "null_jac_std": 0.09442239938792511
    },
    "2": {
      "real_js_mean": 8.02933011174092e-07,
      "real_js_std": 4.7059274029262666e-07,
      "real_cos_mean": 3.258705139160156e-06,
      "real_cos_std": 1.9208690212706396e-06,
      "real_jac_mean": 0.24844444444444444,
      "real_jac_std": 0.1217822383611293,
      "null_js_mean": 1.010659221469723e-06,
      "null_js_std": 4.1985392750883016e-07,
      "null_cos_mean": 4.132342338562012e-06,
      "null_cos_std": 1.7240858588667045e-06,
      "null_jac_mean": 0.24055555555555555,
      "null_jac_std": 0.07907255614815085
    },
    "3": {
      "real_js_mean": 7.31764314170707e-07,
      "real_js_std": 4.345350487142525e-07,
      "real_cos_mean": 2.9587745666503907e-06,
      "real_cos_std": 1.7595650090039786e-06,
      "real_jac_mean": 0.3287777777777778,
      "real_jac_std": 0.13261119257084497,
      "null_js_mean": 8.352378435600057e-07,
      "null_js_std": 2.6763171384732484e-07,
      "null_cos_mean": 3.392563925849067e-06,
      "null_cos_std": 1.0868858108708247e-06,
      "null_jac_mean": 0.3460166666666667,
      "null_jac_std": 0.07986099729460489
    },
    "4": {
      "real_js_mean": 2.9481805404429905e-07,
      "real_js_std": 1.7470839074779146e-07,
      "real_cos_mean": 1.197761959499783e-06,
      "real_cos_std": 7.067832512921448e-07,
      "real_jac_mean": 0.077,
      "real_jac_std": 0.06933333333333334,
      "null_js_mean": 3.120705558311935e-07,
      "null_js_std": 1.2615308957240574e-07,
      "null_cos_mean": 1.295614242553711e-06,
      "null_cos_std": 5.088182160541673e-07,
      "null_jac_mean": 0.09213333333333334,
      "null_jac_std": 0.045397827897133786
    },
    "5": {
      "real_js_mean": 5.262480043610493e-07,
      "real_js_std": 3.2019004401831355e-07,
      "real_cos_mean": 2.123620775010851e-06,
      "real_cos_std": 1.2971089334943006e-06,
      "real_jac_mean": 0.2477777777777778,
      "real_jac_std": 0.11616824750505218,
      "null_js_mean": 3.648669300597855e-07,
      "null_js_std": 1.544146698312839e-07,
      "null_cos_mean": 1.5043311648898654e-06,
      "null_cos_std": 6.281057247227288e-07,
      "null_jac_mean": 0.1589388888888889,
      "null_jac_std": 0.06276769683071141
    },
    "6": {
      "real_js_mean": 5.098058276063158e-07,
      "real_js_std": 3.383994650230651e-07,
      "real_cos_mean": 2.0669301350911456e-06,
      "real_cos_std": 1.3733106445452047e-06,
      "real_jac_mean": 0.22022222222222224,
      "real_jac_std": 0.12259669904725799,
      "null_js_mean": 2.5935934639846894e-07,
      "null_js_std": 8.556165953800827e-08,
      "null_cos_mean": 1.0802004072401257e-06,
      "null_cos_std": 3.396909208115289e-07,
      "null_jac_mean": 0.15663333333333335,
      "null_jac_std": 0.0631963342818764
    },
    "7": {
      "real_js_mean": 2.3410767789755482e-07,
      "real_js_std": 1.4505049418786647e-07,
      "real_cos_mean": 9.441375732421875e-07,
      "real_cos_std": 5.885800981220045e-07,
      "real_jac_mean": 0.29288888888888887,
      "real_jac_std": 0.14159601724188936,
      "null_js_mean": 9.08506146187291e-08,
      "null_js_std": 3.590973877605391e-08,
      "null_cos_mean": 3.981696234809028e-07,
      "null_cos_std": 1.2136539982188795e-07,
      "null_jac_mean": 0.17318888888888886,
      "null_jac_std": 0.0793264905234401
    },
    "8": {
      "real_js_mean": 3.1987926190090043e-07,
      "real_js_std": 2.5306572151626326e-07,
      "real_cos_mean": 1.2942420111762153e-06,
      "real_cos_std": 1.0346374956880175e-06,
      "real_jac_mean": 0.27211111111111114,
      "real_jac_std": 0.1521968348659389,
      "null_js_mean": 7.065048640318612e-08,
      "null_js_std": 3.117441011067937e-08,
      "null_cos_mean": 3.122594621446398e-07,
      "null_cos_std": 1.1196619655810622e-07,
      "null_jac_mean": 0.12964444444444442,
      "null_jac_std": 0.07325913839259025
    },
    "9": {
      "real_js_mean": 2.9867686635043356e-07,
      "real_js_std": 2.2492497779479418e-07,
      "real_cos_mean": 1.208941141764323e-06,
      "real_cos_std": 9.074118269548149e-07,
      "real_jac_mean": 0.27,
      "real_jac_std": 0.144010030514853,
      "null_js_mean": 5.77979707499152e-08,
      "null_js_std": 2.990945694850291e-08,
      "null_cos_mean": 2.6182068718804253e-07,
      "null_cos_std": 1.0266625895904199e-07,
      "null_jac_mean": 0.13781111111111113,
      "null_jac_std": 0.06477772155514999
    },
    "10": {
      "real_js_mean": 4.548236380388617e-07,
      "real_js_std": 4.4831844280299755e-07,
      "real_cos_mean": 1.842392815483941e-06,
      "real_cos_std": 1.840267756570715e-06,
      "real_jac_mean": 0.27166666666666667,
      "real_jac_std": 0.1652103036872835,
      "null_js_mean": 3.452455302850568e-08,
      "null_js_std": 2.4307290748441704e-08,
      "null_cos_mean": 1.6562143961588541e-07,
      "null_cos_std": 7.75998250047087e-08,
      "null_jac_mean": 0.08649444444444444,
      "null_jac_std": 0.060222930500139986
    },
    "11": {
      "real_js_mean": 3.5968500421606423e-07,
      "real_js_std": 2.9351787254171564e-07,
      "real_cos_mean": 1.4559427897135416e-06,
      "real_cos_std": 1.1877420287999969e-06,
      "real_jac_mean": 0.2842222222222222,
      "real_jac_std": 0.1534635517912806,
      "null_js_mean": 3.828752990544773e-08,
      "null_js_std": 2.430356332865509e-08,
      "null_cos_mean": 1.7342567443847657e-07,
      "null_cos_std": 7.285620654344462e-08,
      "null_jac_mean": 0.11214444444444444,
      "null_jac_std": 0.06085854475039477
    },
    "12": {
      "real_js_mean": 4.207746354849304e-07,
      "real_js_std": 4.3081254312869437e-07,
      "real_cos_mean": 1.7162428961859808e-06,
      "real_cos_std": 1.7876643472242096e-06,
      "real_jac_mean": 0.27755555555555556,
      "real_jac_std": 0.14847978621206406,
      "null_js_mean": 3.23128429686095e-08,
      "null_js_std": 2.730782592558274e-08,
      "null_cos_mean": 1.6214847564697264e-07,
      "null_cos_std": 8.37350262427245e-08,
      "null_jac_mean": 0.11718333333333335,
      "null_jac_std": 0.06873593593520705
    },
    "13": {
      "real_js_mean": 4.1291074755160174e-07,
      "real_js_std": 3.6840468822969564e-07,
      "real_cos_mean": 1.6718970404730902e-06,
      "real_cos_std": 1.4912539614258774e-06,
      "real_jac_mean": 0.311,
      "real_jac_std": 0.16604417083013384,
      "null_js_mean": 3.82696443766564e-08,
      "null_js_std": 2.519595266984376e-08,
      "null_cos_mean": 1.7660193973117403e-07,
      "null_cos_std": 8.43723926814352e-08,
      "null_jac_mean": 0.10001666666666667,
      "null_jac_std": 0.066741362320861
    },
    "14": {
      "real_js_mean": 5.028401700555049e-07,
      "real_js_std": 5.359404949997133e-07,
      "real_cos_mean": 2.0478036668565537e-06,