{
  "layer": 20,
  "original_reliability": 0.9036312353610992,
  "corrected_reliability": 0.8359649157524109,
  "formality_cosine": 0.6661455035209656
}