{
  "layer": 21,
  "original_reliability": 0.6686266472935677,
  "corrected_reliability": 0.5321611678600311,
  "formality_cosine": 0.7081531882286072
}