{
  "naive_baseline": {
    "0": 0.2737596099823713,
    "1": 0.47565594740211964,
    "2": 0.39958453628700225,
    "3": 0.3944490762613714,
    "4": 0.41805172338616103,
    "5": 0.4900151489302516,
    "6": 0.5575606356561184,
    "7": 0.5819121891260147,
    "8": 0.5987524516880512,
    "9": 0.5604372519254684,
    "10": 0.5614744137227535,
    "11": 0.5788157141208649,
    "12": 0.5760974708199501,
    "13": 0.5682542860507965,
    "14": 0.5706329543888569,
    "15": 0.5993357422947884,
    "16": 0.6102518981695175,
    "17": 0.6289290651679039,
    "18": 0.6290583488345146,
    "19": 0.6383455339074134,
    "20": 0.6464346149563789,
    "21": 0.6686266472935677,
    "22": 0.6429639127850533,
    "23": 0.6338845160603523,
    "24": 0.6241049146652222,
    "25": 0.5512057979404926,
    "26": 0.5817734351754189,
    "27": 0.6351119378209114
  }
}