{
  "everyday": 0.2033742538606748,
  "philosophical": 0.8614414751529693
}