{
  "naive_baseline": {
    "0": 0.602303240597248,
    "4": 0.7359739023447037,
    "8": 0.7052101042866706,
    "12": 0.6684145131707191,
    "16": 0.627476299405098,
    "20": 0.656201169192791,
    "24": 0.7399300068616868,
    "28": 0.7015972453355789,
    "32": 0.7077594396471977,
    "36": 0.691581010222435,
    "40": 0.6689319533109664,
    "44": 0.6445105609297752,
    "48": 0.6664224821329117,
    "52": 0.6551104891300201,
    "56": 0.6688093823194504,
    "60": 0.6686515474319458,
    "64": 0.648824582695961,
    "68": 0.6142825940251351,
    "72": 0.5934750139713287,
    "76": 0.5695807695388794,
    "79": 0.4540608352422714
  }
}