{
  "everyday": 0.7364370548725128,
  "philosophical": 0.8912306863069535
}