{
  "naive_baseline": {
    "0": 0.8659524363279343,
    "4": 0.8588329291343689,
    "8": 0.8877963042259216,
    "12": 0.8885336965322495,
    "16": 0.889287725687027,
    "20": 0.9036312353610992,
    "24": 0.8975956082344055,
    "28": 0.8829453015327453,
    "32": 0.861488471031189,
    "36": 0.8351167577505112,
    "40": 0.8288335931301117,
    "44": 0.8412602514028549,
    "48": 0.8587658053636551,
    "52": 0.8718104702234268,
    "56": 0.8768682622909546,
    "60": 0.8864885419607162,
    "64": 0.8827834498882293,
    "68": 0.8829142767190933,
    "72": 0.885233753323555,
    "76": 0.8982540738582611,
    "79": 0.8788208127021789
  }
}